iteration,MSE_train,MSE_validation,MSE_test,acc_train,acc_validation,acc_test,seconds_elapsed
0,0.204585001007,0.209504339415,0.225522574497,0.51867219917,0.511049723757,0.477419354839,11.590484285
10,0.123385926441,0.136117313921,0.137380096341,0.692946058091,0.671270718232,0.656774193548,120.450589526
20,0.0916667324579,0.102435774682,0.096305036035,0.758644536653,0.723756906077,0.750967741935,228.922304822
30,0.103450501272,0.117125018369,0.107191913825,0.731673582296,0.690607734807,0.718709677419,329.009643075
40,0.0585475244886,0.060726484866,0.0626941102644,0.843015214385,0.845303867403,0.828387096774,431.293859419
50,0.0412814608978,0.0386098765259,0.0445726179864,0.901106500692,0.908839779006,0.895483870968,532.547472661
60,0.0429811420944,0.0490433810979,0.0515616953932,0.902489626556,0.883977900552,0.873548387097,632.577717658
70,0.0452771924207,0.0535761967742,0.0476230089223,0.901106500692,0.878453038674,0.894193548387,733.045463384
